{
    "repr_loss": "sinkhorn_unbalanced",
    "n_components": 35,
    "h_sigma_ppm": 0.08,
    "c_sigma_ppm": 1.5,
    "h_width_scale": 0.8,
    "c_width_scale": 1.0,
    "use_peak_width": true,
    "intensity_transform": "none",
    "h_modality_weight": 1.0891993688526733,
    "alpha_W": 0.00013304334324724425,
    "alpha_H": 0.00015720866579383775,
    "l1_ratio": 0.46591319008284293,
    "reach": 0.15047000315498743,
    "sinkhorn_p": 2,
    "sinkhorn_scaling": 0.8923656520277637,
    "h_blur": 0.070949462984106,
    "c_blur": 0.03644196357298466,
    "mass_normalize": false
}